0,1
-3.7829177,-12.154687
-2.765728,-8.22837
-0.8981568,7.614592
15.093191,7.624521
-2.8800824,-2.3660314
-13.202411,-0.27892572
11.993805,-7.5671463
-27.45068,-6.0668807
7.0506754,6.0216966
-21.9482,-2.0581949
-7.7653737,-19.294222
-15.443818,-1.1671057
19.81646,10.460804
11.747249,6.0225563
10.658741,12.425193
-11.960688,-6.9098005
-0.051295616,-1.775997
-10.442998,-0.38637793
-6.521131,-17.286097
-12.111917,-17.473614
-11.130202,-17.166166
-20.055195,-5.146844
-20.223675,-6.694391
16.041899,7.618336
14.965521,12.450621
-11.221434,-4.062562
19.487617,6.1672444
6.6320367,3.139057
-22.935938,-4.136362
16.82064,12.499141
-25.138363,-11.543994
3.12939,21.127657
24.021503,10.480811
3.9304225,3.2914433
-5.3952637,23.75339
-16.835213,-5.670988
5.608159,1.5169804
-4.3005667,-17.135029
14.358962,15.006247
-19.17275,-1.6694605
-13.030896,-9.477065
-6.546907,2.1080859
-29.441006,-16.003942
-15.290246,-5.524865
14.466654,-2.163872
5.338283,-2.740225
15.923714,-9.240372
2.8931932,-6.668078
13.789698,11.157648
6.91046,-7.76704
19.922504,3.127133
0.8316051,-1.8777214
-23.04497,-9.939951
0.63908136,6.436024
8.786101,-6.9641075
9.997426,2.1491866
1.3636165,21.36172
7.422273,-5.7614636
-10.959759,16.55985
-14.780489,-12.920723
13.55959,8.22348
10.108068,-11.677633
-6.1817904,-20.855574
11.792494,-18.963253
-17.300247,-8.998268
8.542339,-14.945881
-11.7520075,-6.3680587
-9.8512335,-18.26518
4.2878838,0.878747
16.032843,6.00402
-10.326767,5.420731
7.194594,2.4434984
18.96135,6.650192
3.0740097,10.932738
-11.191708,-16.414595
9.233653,-12.110229
-11.176038,-11.583174
-8.759501,19.475348
-0.77908456,5.752976
12.752765,10.649341
-28.498392,-16.015882
2.9033308,3.285759
-0.4365979,22.645222
-13.332859,-12.460227
9.227321,-1.6965321
0.9095334,9.424701
-29.069935,-14.893652
4.848112,13.915416
14.903351,2.5738676
-21.596771,-15.36626
-7.3459215,-9.544442
-16.281775,-10.125975
10.933646,-4.6168027
11.788115,12.102287
-2.1490297,17.815742
5.8362412,0.7707047
-9.336761,12.237129
13.356935,3.1276548
-16.45669,-5.7741337
8.844941,-12.103559
-2.7880087,7.2815895
-27.60796,-14.2353945
17.372686,3.0708506
0.6166504,-16.25495
7.300729,3.2300239
-4.049415,15.057792
9.232839,4.2788587
-15.141558,-12.592775
2.726858,-3.624696
-9.008557,10.466206
1.8086318,-3.7039921
7.048209,-1.2904191
-5.119916,-7.7287617
-1.228847,-1.5961128
-13.213194,5.4645863
3.304522,11.147786
3.4362488,-2.938808
-16.790358,-9.165822
-16.527506,-14.464224
2.7885382,8.36116
12.536256,6.433677
-0.3152792,-6.1259747
5.089083,5.19114
-28.978886,-6.3042617
-28.189833,-6.2655845
-3.3261278,5.845981
1.470901,1.4486612
-4.884098,-3.4096599
12.478337,5.9790792
-1.5162259,-14.7385845
10.36672,17.247826
16.392582,4.1456914
12.30417,8.2595825
11.336593,2.1391861
-29.35274,-14.807955
8.509964,14.620342
-6.8543057,-14.812709
4.1058826,7.182721
-10.349909,-18.56074
10.934904,7.792427
-12.587054,2.2390685
-27.586197,-15.272554
-7.771222,-10.768864
-13.609946,-15.899838
5.5878105,7.1392775
-10.526733,-11.43515
12.251435,9.411499
-13.550967,13.395486
-12.861207,-4.0236053
15.955951,12.863902
6.021796,-17.508493
-25.576015,-7.4594226
14.603744,5.8469543
13.162188,15.950773
10.369886,10.856928
-28.641378,-7.6228256
-18.961565,3.73525
-19.323334,-8.036347
-30.475712,-8.909288
12.990309,-7.8827205
16.609898,14.810966
-8.425908,-9.376909
15.988883,8.723627
-22.140007,-5.0840173
3.947147,-1.8201226
-6.3586626,18.245615
19.59966,9.106217
3.6962295,-1.1972429
8.888724,-8.518248
-6.99746,-0.38508198
-9.751702,-8.393304
-3.2807367,23.917086
-5.371289,2.0916061
20.23589,-12.521594
-5.3567147,-3.499591
-27.089033,-0.9312552
-26.66896,-9.082547
13.244548,11.86077
-27.050547,-10.55713
5.910359,-9.306247
-2.7523975,-3.084953
-12.031195,-18.08084
-1.9132861,-9.281022
3.7206373,2.2727752
12.167865,9.999758
6.7996407,10.855886
-11.567864,0.02524193
14.26636,9.687021
-8.338624,-6.906547
-14.729503,-12.125393
4.265109,23.350786
4.5247154,4.40486
1.8379475,15.1914835
6.1794577,9.997136
9.039359,12.561698
-8.78262,-10.199082
-28.951513,-5.484073
-3.8071437,11.120162
5.116505,1.7449745
-4.427708,16.821465
-8.015004,8.589406
3.9995987,-8.95776
-15.42686,8.996428
-20.264387,-5.4627433
-1.8983351,-6.677899
5.7375617,7.2139535
-3.233174,19.443106
-0.43623683,-7.642772
9.957298,-3.1830666
7.2401085,-6.5456343
-19.212538,-13.806937
-1.6986276,6.1899443
-11.727592,-4.9759984
14.857495,8.732098
-13.114609,-2.1435595
14.504473,5.5668106
21.667038,2.2765813
19.184696,-3.5509927
-7.6312766,-0.92868465
0.90192616,21.3693
1.9875034,0.48694918
10.705928,-1.4492644
-2.0096123,-22.147722
0.19550097,11.13845
-24.382011,-0.25312674
0.7708034,-16.143934
3.668564,-4.343186
-10.517655,-14.100658
11.492539,1.9659851
2.766751,0.112499885
-14.956524,-3.8516798
0.3250039,-3.916028
-9.140882,15.031681
-15.986552,-6.987642
0.5418295,3.4645212
-11.344016,13.137372
11.593959,2.398164
-16.527428,-0.46998453
-1.8690848,-18.413103
-6.244977,18.297096
8.056997,1.3869339
5.421493,-6.3979664
10.133336,5.8147244
22.539677,7.3043747
-15.389015,-6.552787
-8.043788,16.73834
10.725668,-9.264491
8.069473,4.5096216
12.930297,9.784658
-28.563599,-14.878849
10.0849495,-0.5898669
13.161227,-9.503045
9.013744,-2.2120905
12.411346,11.164762
-10.955803,-11.892092
22.724756,-0.73361385
7.0365252,0.5023408
1.052792,-0.80090636
-9.890507,-10.937013
1.1448636,0.7909876
21.28162,16.092087
-15.590701,-1.102026
-16.07279,-6.901667
7.7731123,14.074116
3.4223661,4.176366
-24.16756,-10.920972
-13.53888,-6.4272246
7.8121276,-7.9562955
1.929705,-3.1875167
7.244995,18.235607
-10.749583,15.562365
6.4287786,1.9504058
10.722328,-5.0102262
2.927883,12.911821
-10.676887,1.7452006
20.902905,-3.3877804
7.114197,2.0458672
3.631214,0.011642701
-5.026579,-9.578604
10.704518,-13.719649
18.526262,1.6968079
1.5503886,17.486702
-17.639267,-8.880355
-6.4693513,20.718185
-27.314686,-13.527816
-11.703905,-16.122608
-9.222051,-1.6585928
-25.008976,-11.43535
6.5454955,17.535992
-0.8282649,10.736995
-19.64172,-10.431666
-11.991422,0.40553132
-29.073526,-15.843172
-9.687374,1.2204506
-4.7281356,-7.589204
-18.693792,-10.246255
9.450625,-1.6937506
5.353661,-2.251134
-9.95669,-3.6856174
-1.8880618,11.494847
-28.64537,-6.96185
0.18689068,0.3051147
19.639599,10.703397
-13.592594,-14.324456
0.1407232,-0.68526375
3.6782086,-7.8026285
12.403544,9.82936
1.3030823,11.496923
7.3331184,-5.7667813
-11.788283,1.5367471
-5.987169,13.572901
12.018622,6.209517
-7.276104,16.403885
3.3084192,0.84556633
-1.9926273,-2.7762234
10.732748,-9.231692
3.3275049,7.7136984
2.5960958,-4.962041
-6.2894793,-14.615696
-3.9219937,1.9134294
16.370438,9.8507185
8.052712,1.1415334
2.6853807,7.532706
6.9320035,-7.003535
-11.434629,-1.3252263
-9.081918,19.649412
16.44504,2.3048983
-14.151968,-2.171246
18.635635,4.437629
8.435938,-1.3144721
1.4488578,-13.794102
-3.682071,0.5632796
-4.880442,-13.275783
9.547089,2.924225
3.291146,-10.078314
-7.6706486,-4.3686295
2.42635,17.979147
1.3757433,-5.515039
-4.2238245,2.0102084
14.030854,-1.4310621
13.419832,-15.876933
10.075131,-5.6835456
-15.582459,3.7021852
-25.03877,-4.3507204
-3.0673375,0.63673013
16.533772,15.319581
-4.6159935,21.690823
0.70801944,-9.702779
8.845627,-13.112994
-7.3289986,17.778955
-2.410179,6.0073624
-11.45574,-15.719081
4.873405,8.005572
-3.264573,-7.8947887
10.920041,16.281065
0.05758333,4.43833
4.641274,-4.0439672
-12.650455,-16.469847
-10.975383,0.19671229
-28.241102,-13.570834
24.406881,1.552805
15.927659,13.026362
-11.976069,-11.510032
-9.660937,-15.373301
-7.8582735,-4.7673593
-2.022657,14.910775
14.49555,2.677045
-1.0224643,4.4522934
-29.681074,-9.268401
-22.086622,-15.317088
5.000843,2.642854
-5.101346,3.0432127
11.697696,-4.0580025
2.2203472,-5.7794394
7.19998,-9.8200655
5.6636167,-10.215881
-6.130946,1.1287982
7.243323,-13.132792
-6.698299,3.2427664
1.715322,-11.90735
12.123159,7.313557
15.539904,-0.4573654
-6.344171,9.495984
-10.79213,-12.658008
3.8664,-0.8389057
9.097038,-1.5195755
10.537618,3.4785783
4.7356057,9.828988
6.6846356,-6.3682947
-12.205313,-17.531523
3.4338994,-5.253166
0.07893888,19.276653
2.7874293,12.454976
3.6585565,-2.496348
-13.385757,9.281467
5.980871,9.409908
17.265194,-12.754204
-6.3749213,15.422017
23.195524,3.8538024
-4.935333,-3.782439
-8.536282,7.201253
10.17044,-16.660673
-4.5316324,7.771514
9.48718,15.459253
-13.682119,-1.2858512
8.535489,9.121437
8.112878,8.622468
7.9961677,6.2672486
-8.404368,15.975583
-11.256377,-14.844045
9.543393,-2.0875108
-11.171278,-0.48376927
-1.8233687,-7.133436
4.2347965,16.117641
-27.015856,-9.142832
3.9295928,-15.073052
-11.298648,-12.379434
-15.901023,-15.69725
19.755451,13.874663
-24.178717,-3.6254227
-7.635596,-3.4540017
6.021452,21.890562
4.938147,-7.315762
7.699765,9.354449
-26.61193,-8.243027
13.720902,-4.7332616
-9.141322,-11.572601
7.235734,-5.324772
2.0918376,-3.4675703
4.279128,-10.439962
2.4075663,3.6416812
10.600634,1.7022606
-0.5298225,13.482664
-19.185236,-9.473267
-0.56563914,2.3097658
-26.453289,-11.243399
15.045648,-1.4241408
-1.5750028,2.349957
6.1306067,-7.368201
3.8948953,6.2773895
15.01325,10.871865
-5.3353148,16.6719
15.475434,-10.88479
-9.135291,-13.242072
13.031535,9.19132
6.2936435,-6.691624
17.823523,5.1699424
13.818405,13.944846
8.639764,2.008338
6.814854,3.0277772
21.285992,16.112444
2.6519463,17.551847
8.0040865,-2.5119526
-19.38966,-10.182668
17.408579,-10.678143
-30.333927,-8.988291
12.94056,-13.51657
2.4172478,10.068466
-3.0602694,6.2983875
6.686453,-6.440761
18.099644,3.3335247
-6.6230907,20.931055
-18.802637,-11.7715025
20.272831,-1.329956
20.265842,10.405858
-15.214892,5.5597243
16.4598,13.98358
0.06969473,-16.987604
4.6152124,0.54619896
17.541311,4.4022174
-28.62463,-6.688105
2.988099,1.3614123
13.196981,-5.173292
21.377197,11.465496
-10.193763,-11.973736
-18.489319,-13.852388
3.8140619,10.7321415
9.869298,-5.367905
-19.094687,-13.729624
-1.6157972,-7.447199
15.971605,-5.8126807
18.75653,8.432858
9.98234,0.5180039
4.7819595,1.8532504
-2.96985,0.6784159
-14.5725765,-5.3989797
14.767306,5.9455857
14.20006,0.17619666
-28.239212,-9.562067
1.0263811,9.371308
8.743061,-3.1020072
11.885005,22.482153
-11.865365,6.8570495
-11.891486,4.660179
-1.4228292,2.9476438
8.473682,17.02282
-3.404641,-8.5618
2.2284734,-9.859838
12.8180065,19.572842
-6.9853287,18.146309
1.3201989,-4.1565185
-12.5704565,10.565379
9.567013,19.313581
-29.02769,-14.5140295
1.0085907,-6.9567103
24.227554,8.419581
16.242924,9.193723
16.502726,14.814499
11.427851,3.4185593
-0.63980263,-11.410789
-3.258012,23.968948
6.4220557,2.6097798
-1.7159874,23.833662
4.4927573,-3.1223233
-10.812746,-12.227983
12.5323515,-11.731501
-12.804609,-10.728876
7.862354,20.68269
1.3076545,-4.5294366
9.633831,15.54618
0.21313336,-2.8400872
-19.25637,-5.9108677
10.478031,8.235287
11.373083,9.701137
-19.520298,-7.069889
-3.6106987,6.740014
6.2927117,12.5696535
-11.172892,-13.181404
4.290295,-0.6376385
-2.455172,14.64321
-17.698458,-12.152612
2.466209,-13.901716
-11.48058,-3.900239
-1.8628008,19.888363
-6.2981653,-21.558355
-9.266534,3.007518
0.6359217,1.4332441
-14.05341,1.1543138
9.839375,16.556479
5.878403,4.153195
13.323652,4.2487626
5.852847,-0.56355447
9.830385,8.453607
-3.2565339,-4.4878187
-10.190403,6.58213
-3.7760673,10.994156
-13.968146,13.437797
17.290415,7.690255
16.156794,-2.4402125
17.877878,10.772406
15.480545,13.149719
-8.072185,-12.1575985
24.519247,-5.2447133
9.713235,6.739202
20.17393,-9.452142
15.895309,-2.3731725
9.445206,13.597436
-5.352221,4.865928
-2.3973114,21.37071
-30.479212,-8.89646
-2.1725297,-4.866502
7.168246,17.340225
11.486971,-9.332777
3.089707,-1.1884897
18.200808,-1.1828514
14.487277,-3.2164125
4.403024,3.5596902
-4.6088023,-3.6486318
-4.91406,20.511639
-6.763342,-6.8933263
4.690171,19.622229
0.79779935,2.2899678
-3.3628137,-10.229366
-24.708872,-14.691627
-2.5728288,6.3731236
-6.6369762,-11.718172
-4.7222486,-8.077577
-2.2992904,-8.489798
-28.478128,-6.546958
-5.5284038,17.205595
5.853707,15.120139
14.913822,20.83647
15.70711,9.116268
4.202501,-12.769097
-27.440025,-10.222822
-10.104678,-13.520573
2.5077984,11.330446
-12.3782,-15.101211
-1.422818,9.329265
-26.81325,-3.2958393
8.476465,-4.3586526
-26.929321,-3.4293914
17.227398,12.335266
-22.65027,-2.0721388
6.799015,-2.5597203
8.779186,3.8418233
-24.529272,-4.0771823
1.7386414,15.365108
3.8173778,5.868023
-16.909752,-3.6379924
-2.9949872,-8.034495
-14.539657,-9.618127
-14.782944,-6.013719
-14.458858,-0.392731
8.617273,-4.0590935
-23.365171,-4.273046
-27.143969,-14.426013
0.2510626,-9.3309
18.758123,13.403844
-2.7134826,0.86942536
-4.79794,1.6266229
2.4295366,-3.2261276
8.841568,-4.7701583
-7.2000394,-8.984271
-17.15142,5.462222
-1.9784219,18.133804
8.882794,22.817608
13.05125,-7.335566
-2.185545,17.339201
-13.376865,-13.078425
-2.2714467,-0.5930331
22.167286,5.5060873
-3.7040582,2.0089948
3.6669302,-3.6197228
13.577914,-7.597808
18.009836,-1.264877
12.422472,1.311939
-11.227994,-8.824503
7.581907,-16.502918
6.96452,-10.754355
-21.767078,-15.439621
2.812774,-8.286035
1.9675658,12.47943
-0.26574704,14.042496
-16.727507,-9.485875
-10.252159,-1.303811
-5.354423,17.05177
-24.446793,-7.7742095
13.988452,-11.249391
-25.760523,-14.4046
6.1384745,3.3334994
8.02503,8.937909
-9.024835,19.550577
2.0533984,-9.130582
-26.612778,-11.276471
6.0369053,-2.3719387
-29.768774,-7.2702584
9.872314,15.553741
-14.010421,14.605914
-16.239498,-12.452392
-28.487066,-12.421122
21.208487,4.3607545
-9.2190075,13.6705
0.46881124,-4.773091
13.344642,10.259235
6.83848,-0.86020494
-3.7983742,-14.88098
-0.75468326,-10.317735
9.494482,-9.601753
5.447487,-4.143781
2.1275692,-2.5577488
17.404423,-5.036901
-3.7766097,-0.13996224
-20.339222,-4.581075
14.271524,7.550087
2.3482144,5.2908936
18.77037,20.085577
16.87746,0.601684
4.3255725,19.368313
-15.480665,1.7396014
3.77041,13.26943
-5.777629,4.162267
-18.643589,-11.570049
5.887353,4.9226556
12.78372,-3.0031607
-2.0508242,15.949322
-5.377936,-0.47283483
-26.082329,-9.104921
0.67903554,-12.040495
-11.371655,0.75510615
1.3615862,-9.413387
-7.9674163,16.542107
16.791931,8.471784
1.819319,-17.844236
1.9085921,4.29073
-13.142341,-5.2008305
-4.239803,9.32864
-5.7901263,7.460386
-19.91923,-5.3908286
16.359837,10.985533
-24.325592,-2.546633
-21.28691,-16.22382
2.1447384,0.5478333
4.462303,-10.733525
8.19663,2.823372
-12.292215,-12.121142
-22.887966,-16.30043
-5.0739727,-11.73738
9.812547,16.416817
0.79755193,-7.5863223
3.1793666,-11.154978
8.820047,5.6223855
-3.0259964,-0.3842179
-29.560764,-14.615422
-7.4421935,1.0871253
-15.50715,-13.726545
-4.313031,-8.9850025
-9.605785,-5.999187
3.2660208,11.347654
0.88933426,-16.528065
1.8029976,0.34403542
6.1772895,-19.791945
1.3767747,5.1186013
-13.729459,-17.889212
-14.7565155,-12.7740345
-8.356994,5.704944
-1.9046018,15.2385645
-4.5789614,-4.47877
-27.465397,-7.81614
14.90848,18.910633
0.8432828,21.471441
12.007867,6.6034675
-26.850714,-5.513822
1.672625,-16.041054
-8.98163,13.8841715
7.8852453,-6.728359
-4.395639,-19.313845
5.322982,3.6602821
-9.435748,-6.9293942
24.380972,1.4811583
-14.239365,-7.396564
0.34807765,-10.183919
-14.5098505,-14.175549
-29.2722,-15.033182
14.8071,12.124931
2.0969195,-4.5928006
6.7290316,-14.944668
16.126518,-7.215241
11.710858,6.467501
-4.050084,-10.766649
-12.273788,-15.756581
-14.915494,-14.593643
-13.681816,3.2746468
-7.8219104,23.44626
-0.32321924,-5.363231
-28.792208,-6.5172257
14.986638,-4.825954
-12.185854,-18.533028
7.265492,5.0239058
19.647293,-9.333987
0.8441636,-6.178516
-16.132473,-4.468924
-22.506197,-3.2921572
-11.925874,-13.521621
-7.7738733,4.129685
-14.854057,-14.06991
3.2947056,15.084825
-11.58128,8.602893
-3.712973,2.517391
13.404529,-16.154963
-1.8267343,14.911743
-18.507763,-7.32616
1.6037062,-11.493866
-4.546477,0.8969586
-23.447632,-4.0186973
-16.072546,-18.219301
11.223757,-10.994707
-13.8473835,13.544994
8.2657175,11.097092
-6.062285,-4.0758066
-2.864583,14.1255045
16.86218,-15.1315775
-17.775217,10.307216
-7.239935,-8.584213
-1.168863,-0.39916813
-20.85182,0.88145924
2.8011036,6.7090945
13.998737,-2.2846527
21.207045,0.45376801
1.2164707,-1.4204301
19.248625,-6.3541527
-11.73497,3.2082324
-17.720398,-5.16472
-9.395276,-6.4588494
1.7345399,-8.102847
-12.037609,-19.380867
2.0138097,-1.9652722
-10.150401,-10.041445
12.503606,-0.384008
12.003329,-6.290359
11.582589,3.5170472
11.754228,10.464472
-3.428263,-9.985702
8.804905,7.358636
6.2375755,-5.985196
-20.728773,0.77238166
7.1534514,8.571232
15.60247,9.19627
9.566541,10.032563
20.093544,6.194651
-6.3113422,17.612457
12.698,5.6641374
-25.637974,-10.053887
-2.9878197,-8.943772
23.219053,13.006409
12.328413,-3.0011122
9.148326,1.305908
6.642299,15.586516
-10.238093,-16.684551
19.323935,-6.162071
0.8970776,-3.2799015
16.204992,-4.1578836
17.897474,-1.5290561
13.430562,2.3428178
2.3116443,-7.1944675
11.723647,5.6727376
-0.3401362,9.333075
-14.030705,7.1547775
-21.423677,-7.533155
-4.414354,19.140474
-2.4473417,-16.391306
-12.0784645,-13.121377
-23.018255,-4.7032113
-7.7442317,23.389193
-22.197786,-2.448713
-27.843111,-8.307037
2.8132486,-12.535049
-0.40368637,14.396611
2.6835988,-2.5543797
17.523956,-7.928439
-7.931277,13.504737
25.431135,5.774422
2.1302617,-3.8278596
7.597785,12.950705
-13.487701,1.1304483
-2.693932,22.288248
-11.507996,-16.009146
3.604602,5.3473625
-29.597538,-9.232758
-5.064175,19.711218
1.4283766,3.981487
-11.749122,-3.5336838
-2.6800005,-7.556772
-10.779087,-15.652662
5.699338,2.2038662
8.222624,13.197532
-7.0543704,8.034555
9.797181,16.057934
-9.501336,-6.189449
18.712543,16.20155
-14.099232,13.4471245
-3.9743702,5.636884
4.559804,-4.9053893
18.962835,8.70096
-25.442493,-7.7913938
-4.1782646,15.111622
7.6165233,-9.740904
-4.2331767,1.7509065
-11.681379,-16.823002
-3.1610417,-10.45404
15.703558,9.640374
-6.13258,-1.5876403
-21.918653,-2.498607
12.082611,-2.9483602
-3.5438297,24.112738
-9.544255,-12.253596
0.47130415,-15.804377
15.102437,4.1781945
4.1303887,11.364682
3.6722007,-19.322685
-20.90576,-19.698868
-29.163109,-15.441607
-9.533812,-14.472111
1.2057422,-14.627456
-12.098044,-19.60449
4.223515,1.2462783
-4.9855056,8.923568
7.0943604,7.0583663
-27.409534,-12.017107
1.1228176,-8.927379
-2.7402709,3.6484926
-12.574046,-17.382229
14.595963,-8.846438
14.264424,-6.892896
6.185656,13.926859
-24.052885,-4.642013
-10.847413,-12.190698
13.402148,16.324165
0.44776312,-10.852169
23.241348,-2.2449307
-12.282148,-18.104746
-17.857838,-16.633106
-11.872235,-4.1325674
-11.090735,-10.40819
0.72201633,-9.963674
-6.434665,-6.5249667
-1.5745187,-13.434772
-7.1297765,-1.9942816
-20.577288,-0.3347037
-2.0017376,13.362358
-15.041339,-7.7844615
13.914172,3.6659136
21.409975,8.833306
3.5877402,-5.6280475
2.8840964,-4.0888267
8.15834,11.640839
1.4959509,-9.993474
-2.9498348,-7.3888464
-11.2315645,-8.770252
13.677661,3.0731223
-0.68105435,-4.5778418
16.17021,5.784954
-0.05451763,21.38249
-7.500564,-3.78556
-10.565698,3.1375618
12.744358,12.593563
-3.40212,24.182175
-24.186487,-5.462772
-7.20735,-13.072645
-6.675597,6.0534134
-6.4989133,-9.113254
-19.330297,-4.996034
-15.677446,-5.0833097
-15.985583,-7.3166485
6.2477546,-5.394469
-0.5543221,6.7153373
19.6432,-5.714945
-13.314985,-1.9264485
-16.311308,-9.147747
-14.372359,-17.471426
-8.683641,-0.09602934
-10.034319,13.263339
-12.541471,0.3922153
1.8413472,8.307461
7.121854,17.576452
20.275057,6.1353674
7.2049527,-13.235554
-18.011295,7.4300146
-8.361834,17.202597
18.963661,8.598229
24.505558,-5.255917
-26.238419,-10.556394
-20.843718,-17.323584
4.9622483,-15.398432
-1.6863815,1.1219872
-3.0083725,8.167378
13.793356,3.0085573
-2.0373409,11.789153
6.6318264,2.9800644
-6.2424664,-1.6092606
13.360445,0.6974374
-0.48264626,-3.5186927
18.870754,13.543522
-3.475929,1.4397264
-1.8614308,4.9746222
11.052731,-1.4937575
17.612762,-3.4659119
-8.046862,16.502813
-14.53832,-13.031175
5.3765182,-2.2699497
-0.91753656,21.767721
1.5714232,13.246462
5.7413588,-0.17389198
21.389343,11.48653
-10.220252,-18.25733
9.447049,-1.0056394
-4.10924,18.058838
1.5494076,-13.788531
-2.9015505,-11.215481
-2.9437723,-13.188444
-2.8250465,20.930157
14.338596,-2.1262875
-27.74777,-9.889674
8.509326,-10.90336
-5.254262,19.883959
-7.566317,-15.732044
9.687993,-6.3188868
12.573803,9.747226
17.228054,6.688721
14.338808,14.636023
11.009963,19.83354
-1.4092216,7.3796935
7.223325,3.8451731
5.581344,-11.9041195
17.695366,4.3336368
3.7998292,11.87302
10.865438,6.4559455
-2.5409918,9.539922
19.29841,8.237741
10.673099,-8.813867
5.595746,13.010943
2.1038897,2.4055007
13.20512,-6.8694925
-8.973408,4.3434834
6.765164,15.526117
-8.706162,-14.026819
-18.887972,-6.570036
-10.453249,-2.6980894
2.604131,13.189991
-2.8923373,23.20166
0.34718663,-8.3847885
-19.997566,-13.961064
0.487934,5.62728
19.333284,11.114982
3.6315606,14.546087
-11.7207775,-13.85194
-27.943062,-12.890396
11.310616,10.965465
14.91427,9.990365
0.32317916,14.5939045
3.7411385,13.159471
2.313429,13.64245
0.23387556,12.377149
24.579847,-5.2186837
0.6559852,7.912923
-15.49222,-6.0430107
-8.504938,1.7697387
13.728392,7.0266056
-9.162555,-17.326061
-3.743704,-7.906109
-14.22272,-4.617666
-20.423433,0.3256692
1.2185185,-10.453653
-21.328218,-8.663216
-28.162378,-15.052458
-1.6737993,-5.6649675
-4.5571175,6.19561
4.338924,-16.9988
7.789842,4.195046
-14.013452,15.018382
4.452705,-6.254884
-16.046198,-6.227884
19.575636,0.77567625
0.72222686,6.5820074
-5.47152,-4.792978
-16.830313,0.24257573
1.910646,7.0490212
-1.5007237,-12.1162615
0.050891895,13.831776
11.336869,0.7107581
5.583252,7.201612
12.574538,13.291487
6.5182548,-3.7194905
8.678427,-18.66582
7.3539505,13.038167
5.3811736,-1.3523458
5.5990825,18.080135
-0.14461638,-19.681952
6.4759965,3.7556534
-21.805975,-13.007993
8.938956,-0.15057088
-7.0867257,11.220432
-19.288027,-6.926792
25.399336,5.7664123
-13.689844,-8.290849
7.4520807,-4.938388
-4.3679624,2.6287262
-9.102064,14.326533
-6.7801137,6.1029363
17.441952,0.88524604
16.925755,17.930412
15.095928,1.1432921
-2.6622212,1.6976856
10.549545,-0.3212574
-15.971548,-5.8510466
12.078897,4.8678718
1.036721,-9.689525
-26.487848,-11.336017
-17.925323,-16.70536
5.92949,2.862512
-28.044771,-10.016677
-3.664178,4.4332647
-11.4444065,-3.2146616
11.865593,9.064766
-27.693142,-14.18941
3.309991,7.0093513
-4.3035064,18.088863
3.0903695,-0.47749156
1.044287,17.533876
-15.1762905,-6.410457
-2.83022,5.9392004
3.1899588,7.3191757
-7.695332,-4.500329
-11.727987,-10.500111
1.1934777,-2.544067
-4.2915545,-6.8616877
3.45754,1.7522699
6.0688334,-3.8976297
-4.039438,3.4806826
10.260164,-2.301031
-0.16046232,3.34413
16.559086,12.779444
3.8391054,-1.3916259
-0.8976671,14.801451
7.338857,12.431934
-8.934924,13.957179
-5.6442685,18.612654
11.68795,-1.1526214
5.2930074,-0.39674547
-20.861507,-10.579106
-0.30248806,7.207964
-11.735137,-0.52031994
-0.2820755,1.1355975
10.870735,4.916218
10.6609745,-13.630539
-8.59054,19.418987
-18.366505,-0.25032485
-15.649772,-2.750708
22.001682,-6.7083282
-4.689618,12.909947
10.896793,-14.539229
-12.452443,-1.009133
1.549723,1.1901474
9.80277,-5.5413227
-6.6152115,18.687063
-17.220423,2.4657218
1.3617736,-11.142557
-3.6575615,16.543062
-25.353918,-10.184959
7.9419394,11.568141
-19.462166,-10.076452
-9.759504,0.14842664
2.302373,-0.8767884
18.39705,1.6632956
-10.682439,0.5946627
2.1062412,-11.129113
-24.261553,-4.010844
-17.24628,-2.3095374
-2.870536,12.586025
-6.6233478,19.056274
-2.7496912,5.0303597
6.993479,13.045955
9.4768715,4.790163
15.517075,8.595063
-2.909011,5.7027793
2.873987,12.901549
3.6715372,8.269425
13.397734,16.689957
-1.0259286,-2.4568043
-1.3416106,-4.353177
-15.647054,-9.157702
8.703284,-12.136766
-25.370964,-11.40342
1.5915916,-3.2999046
1.1871789,6.0746484
6.760412,4.4678583
-10.992985,-3.845876
2.3838842,-21.37746
-2.6122966,-2.8671553
-1.6025971,2.5125036
19.725527,-9.334227
-11.337653,0.018184828
-23.026224,-5.850586
21.444586,8.389425
6.951848,1.2797076
7.081449,13.683453
8.082748,0.074427456
4.7709675,-1.0158051
-2.998559,-6.031698
-5.8065147,-10.603046
-4.699668,19.46089
-10.203809,-12.762149
-3.4305797,-1.5421822
-4.4143853,-1.761244
-10.505194,-5.1666145
1.4761398,-0.37349978
-17.244406,-10.012588
8.498763,2.9783297
-24.74073,-3.525548
1.9575278,2.356023
-21.828413,-12.889272
-5.5619683,-4.9764442
-2.7159374,0.41722745
-1.3808683,-7.6976686
17.224588,9.669866
-8.730697,-17.328274
-1.921193,0.4820448
5.1560144,-8.787264
10.291068,15.271795
5.9940786,11.864642
-9.83266,8.404448
-2.9933233,2.8607073
-19.118786,-6.762156
7.6767697,2.9041846
10.944281,-7.15985
6.126197,5.7239127
10.648472,9.518411
-13.2727785,-18.003885
-22.111017,-12.360558
-5.749476,-15.952745
12.8696995,-6.8830714
-4.9032555,-4.4807224
3.1994932,-1.6340758
9.363188,4.69372
-0.31349066,16.4469
-10.778949,16.88604
-16.635763,-8.479639
-7.1728077,-9.098917
2.4520895,18.497276
-5.5598164,10.793489
-15.215188,-14.4802065
-17.818724,-6.556436
-19.28247,-1.7380311
5.0865374,-13.690165
-5.7027698,4.6026053
-0.2634953,7.7253065
3.4276698,14.315257
14.921888,-13.199313
-27.855427,-12.242137
-1.8741093,-10.73824
-13.976261,-10.7975645
-0.62910795,-9.191186
-5.3562856,0.5432234
